{
  "requests": [
    {
      "id": 1,
      "feature": "auto send info terbaru di saluran ke grub chat tapi bisa di on dan off kan",
      "user": "@6283835940969"
    },
    {
      "id": 2,
      "feature": "hd video,  \n\nhandler.premium = true;",
      "user": "@6287785586619"
    },
    {
      "id": 3,
      "feature": "tiktok music = kaya ttsearch tapi nyari musik sesuai query",
      "user": "@6287785586619"
    },
    {
      "id": 4,
      "feature": "pinterest video downloader",
      "user": "@6287785586619"
    },
    {
      "id": 5,
      "feature": "carbon via web jar gak kepotong",
      "user": "@62895362282300"
    }
  ]
}