{
  "promoMessage": "GRATIS PANEL😱\n\n  Hai! Kamu Mau Beli SC Ini?\n  \n  Script Jagoan Project ini memiliki banyak keuntungan:\n  ✅ Free Panel Selama Sebulan\n  ✅ Masuk grup khusus Update dan Grup Diskusi\n  ✅ Type Plugin – Bebas menambahkan fitur\n  ✅ 100% NO ENC – Leluasa dimodifikasi\n  ✅ Banyak fitur menggunakan scrape\n  ✅ Beberapa fitur memakai API premium yang selalu diperpanjang\n  ✅ Saat ini ada total 500+ fitur\n  ✅ Bebas Request Fitur\n  \n  Harga SC Saat Ini: *Rp. 70.000*\n  Mohon hargai developer yang telah membuatnya dengan sepenuh hati! 😊\n      \nJagoan Project",
  "schedule": {
    "hour": 9,
    "minute": 0
  },
  "isActive": false
}