[
  {
    "action": "close",
    "time": "16:27",
    "chatId": "120363410642348063@g.us",
    "timeoutId": 49810
  },
  {
    "action": "open",
    "time": "16:28",
    "chatId": "120363410642348063@g.us",
    "timeoutId": 21642
  },
  {
    "action": "open",
    "time": "16:41",
    "chatId": "120363407877289729@g.us",
    "timeoutId": 53111
  },
  {
    "action": "close",
    "time": "21:07",
    "chatId": "120363407877289729@g.us",
    "timeoutId": 97489
  },
  {
    "action": "close",
    "time": "19:00",
    "chatId": "120363044426851281@g.us",
    "timeoutId": 42628203
  }
]